Title,Company,Location,Skills,Posted Date
$30 Hourly Virtual Assistant USA RESIDENTS ONLY,HOLDON NOW,🇺🇸 United States,"Admin, Customer Support, Data Entry, Customer Service",3d
Product Engineer,Tolt,🌏 Worldwide,"JavaScript, Typescript, React, Product, AWS, Engineer",7d
Assistant Trader,Exora,🌏 Worldwide,"Finance, Sales, Crypto, Junior",9h
Senior Elixir Engineer,Sanctuary Computer,🌏 Worldwide,"Executive, Developer, Backend, Full Stack, SaaS, Senior, Ruby, Python, Pyton, Django, React Native, JavaScript, Node",16h
Data Analyst,P2P. org,Delhi,"Analyst, Defi, Crypto, System, Consultancy, Technical, Support, Growth, Finance, API, Health",18h
Senior Staff Security Engineer,Ethena Labs,Globally Remote,"Security, Defi, Crypto, Ethereum, Full-Stack, Technical, Software, Testing, Growth, DevOps, Financial, Finance, Strategy, Senior, Engineer, Engineering",19h
VIP Support Manager,GoMining,🌏 Probably worldwide,"Manager, Defi, Crypto, Support, Management, Sales, Non Tech",22h
Public Training Associate,The Trevor Project,🌏 Worldwide,"Training, Support, Travel, Financial, Edu, Management, Senior, Operations, Operational, Legal, Health, Educational, Non Tech",1d
FullStack Engineer,NTD software,💃 Latin America,"Developer, Design, React, Front End, Technical, Support, Developer, Software, Code, Web, DevOps, JavaScript, Cloud, CSS, Mobile, Engineer, Backend, Fullstack",1d
Cryptocurrency Reporter,Find,🌏 Probably worldwide,"Cryptocurrency, Crypto, Content",2d
Character Concept Artist,Bonfire Studios,🇺🇸 United States,"3d, Support, Recruiting",2d
Strategy Manager,Coins.ph,🇵🇭 Philippines,"Manager, Web3, Crypto, Cryptocurrencies, Support, Growth, Financial, Finance, Mobile, Strategy, Management, Operational",3d
Content & Social Lead,Aragon,🌏 Worldwide,"Web3, Full-Stack, Technical, Support, Software, Growth, Manager, SEO, Strategy, Management, Lead, Content, Marketing",3d
Mobile Developer,The Biz Conquest,💃 Latin America,"Developer, Engineer, Mobiledev, React Native",3d
Backend Software Engineer Client Group,Virta Health,🌏 Probably worldwide,"Software, Front End, Security, Training, Full-Stack, Technical, Support, Code, Cloud, Operational, Golang, Medical, Health, Engineer, Engineering, Backend",4d
Senior Backend Engineer,Deblock,🌏 Probably worldwide,"Golang, Crypto, Fintech, Banking, Senior, Engineer, Backend",4d
Payment QR Code from Eye AI,CrowdGen by Appen,🇮🇳 India,"Code, Quality Assurance, Mobile",4d
Automation Engineer UI Quality Assurance,Machinify,Palo Alto,"UI, Design, Front-End, Front End, Docker, Software, Testing, Test, Web, Quality Assurance, Healthcare, Recruiting, Engineer",5d
Developer Relations Engineer,Arbitrum Foundation,🇪🇺 Europe,"Developer, Web3, Cryptocurrency, Ethereum, Security, Technical, Growth, Code, Edu, Finance, Content, Health, Healthcare, Engineer, Engineering, Recruitment, Educational, Full-Time",6d
Customer Experience Associate,Koala Health,🌏 Worldwide,"Technical, Support, Web, Voice, Medical, Health, Healthcare",6d
Human Resources Associate Mid level,CoinGecko,🌏 Probably worldwide,"Cryptocurrency, HR, System, Training, Technical, Support, Payroll, Financial, Edu, Leader, Management, Operations, Operational",6d
Backend Software Engineer,Prophet Security,🌏 Probably worldwide,"Golang, InfoSec, Software, Security, Engineer, Backend",7d
$2.000+ monthly LinkedIn DM reply Job USA TIMEZONE,Executive Bootcamp,🌏 Worldwide,"Sales, Marketing, Other",8d
Senior Software Engineer,lakeFS,🌏 Probably worldwide,"Golang, Software, Senior, Engineer",7d
Connected Care Assistant,Included Health,🌏 Worldwide,"Assistant, Training, Recruiter, Support, Management, Medical, Health, Healthcare, Full-Time, Non Tech",7d
Javascript Fullstack Engineer Senior,Lumenalta,🌏 Worldwide,"Developer, Engineer, JavaScript",7d
Customer Care Advisor,GoodLeap,🌏 Worldwide,"Supervisor, Support, Developer, Software, Management, Sales, Reliability",8d
Senior Backend Engineer,Monzo,🌏 Probably worldwide,"Golang, Senior, Engineer, Backend",8d
DevOps Engineer,InfStones,🇺🇸 United States,"Amazon, Web3, System, Security, Support, Software, Testing, Test, Code, Quality Assurance, DevOps, Serverless, Cloud, Git, Node, Administrator, Management, Reliability, Engineer, Linux, Full-Time",8d
Technical Writer,Peach Finance,🌏 Worldwide,"System, Training, Technical, Writer, Developer, Financial, Video, Finance, API, Management, Content, Senior, Marketing",8d
Senior Full Stack Engineer,FetLife,🌏 Worldwide,"Engineer, Ruby, Vue, Redis, Rust, Kubernetes, Work from Home, Remote, Terraform, Google Cloud, Senior, Developer, JavaScript, Backend, Front End, Full Time, Full Stack, SQL, Postgres, Elasticsearch, Typescript",8d
Korean Japanese Lyric Transliteration Reviewer,Welo Data,💰 $10k - $10k,"Quality Assurance, Teaching, Part Time, Remote, Freelance, Japanese, Korean, Reviewer, Translation",16d
Customer Support Engineer I Intern,CloudWalk,🌏 Worldwide,"Technical, Support, Voice, Fintech, Ruby, Engineer, Engineering",9d
Account Executive,CoinGecko,🌏 Probably worldwide,"SaaS, Web3, Cryptocurrency, Training, Technical, Support, Growth, Financial, Edu, Fintech, API, Leader, Strategy, Management, Senior, Operations, Operational, Marketing, Sales, Executive",9d
UI UX Designer,Spiralyze,🌏 Worldwide,"Design, Web Design, UI/UX Design",11d
Rater the United States,TELUS Digital,🇺🇸 United States,"Quality Assurance, Other",10d
Senior Python Backend Engineer,Orga AI,🌏 Worldwide,"Developer, Python, Senior, Backend, Ops, Startup, AWS",19d
Medical Record Specialist,Accompany Health,🇺🇸 United States,"Edu, Lead, Go, Medical, Health, Healthcare, Full-Time, Non Tech",13d
Blockchain Security Expert AI Track,CertiK,🇺🇸 United States,"Security, Web3, Support, Software, Sales, Engineering, Full-Time",13d
Growth Marketing Lead,Anchorage Digital,🇺🇸 United States,"Growth, Crypto, Security, Testing, Financial, Finance, Bank, Leader, Management, Lead, Marketing, Analytics, Legal, Engineering",13d
Senior Backend Engineer,Mozilla Corporation,🌏 Probably worldwide,"Golang, Senior, Engineer, Backend",14d
Data Engineer,Nomi Health,🇺🇸 United States,"Technical, Testing, NoSQL, Medical, Engineer, Engineering",14d
Associate Director Clinical Monitoring,WEP Clinical,🌏 Worldwide,"Director, Training, Support, Growth, Travel, Management, Lead, Senior",15d
Social Programs Manager,One Medical,🇺🇸 United States,Manager,15d
Chargeback Analyst,CloudWalk,🇧🇷 Brazil,"Analyst, Teach, Support, Code, Fintech, Operations, Operational, Engineering",15d
Principal Software Engineer,CEF.Ai,🇪🇺 Europe,"Other, Developer",16d
